<application>
  <component name="ProjectJdkTable">
    <jdk version="2">
      <name value="1.8" />
      <type value="JavaSDK" />
      <version value="java version &quot;1.8.0_192&quot;" />
      <homePath value="/Library/Java/JavaVirtualMachines/jdk1.8.0_192.jdk/Contents/Home" />
      <roots>
        <annotationsPath>
          <root type="composite">
            <root url="jar://$APPLICATION_HOME_DIR$/lib/jdkAnnotations.jar!/" type="simple" />
          </root>
        </annotationsPath>
        <classPath>
          <root type="composite">
            <root url="jar:///Library/Java/JavaVirtualMachines/jdk1.8.0_192.jdk/Contents/Home/jre/lib/charsets.jar!/" type="simple" />
            <root url="jar:///Library/Java/JavaVirtualMachines/jdk1.8.0_192.jdk/Contents/Home/jre/lib/deploy.jar!/" type="simple" />
            <root url="jar:///Library/Java/JavaVirtualMachines/jdk1.8.0_192.jdk/Contents/Home/jre/lib/ext/cldrdata.jar!/" type="simple" />
            <root url="jar:///Library/Java/JavaVirtualMachines/jdk1.8.0_192.jdk/Contents/Home/jre/lib/ext/dnsns.jar!/" type="simple" />
            <root url="jar:///Library/Java/JavaVirtualMachines/jdk1.8.0_192.jdk/Contents/Home/jre/lib/ext/jaccess.jar!/" type="simple" />
            <root url="jar:///Library/Java/JavaVirtualMachines/jdk1.8.0_192.jdk/Contents/Home/jre/lib/ext/jfxrt.jar!/" type="simple" />
            <root url="jar:///Library/Java/JavaVirtualMachines/jdk1.8.0_192.jdk/Contents/Home/jre/lib/ext/localedata.jar!/" type="simple" />
            <root url="jar:///Library/Java/JavaVirtualMachines/jdk1.8.0_192.jdk/Contents/Home/jre/lib/ext/nashorn.jar!/" type="simple" />
            <root url="jar:///Library/Java/JavaVirtualMachines/jdk1.8.0_192.jdk/Contents/Home/jre/lib/ext/sunec.jar!/" type="simple" />
            <root url="jar:///Library/Java/JavaVirtualMachines/jdk1.8.0_192.jdk/Contents/Home/jre/lib/ext/sunjce_provider.jar!/" type="simple" />
            <root url="jar:///Library/Java/JavaVirtualMachines/jdk1.8.0_192.jdk/Contents/Home/jre/lib/ext/sunpkcs11.jar!/" type="simple" />
            <root url="jar:///Library/Java/JavaVirtualMachines/jdk1.8.0_192.jdk/Contents/Home/jre/lib/ext/zipfs.jar!/" type="simple" />
            <root url="jar:///Library/Java/JavaVirtualMachines/jdk1.8.0_192.jdk/Contents/Home/jre/lib/javaws.jar!/" type="simple" />
            <root url="jar:///Library/Java/JavaVirtualMachines/jdk1.8.0_192.jdk/Contents/Home/jre/lib/jce.jar!/" type="simple" />
            <root url="jar:///Library/Java/JavaVirtualMachines/jdk1.8.0_192.jdk/Contents/Home/jre/lib/jfr.jar!/" type="simple" />
            <root url="jar:///Library/Java/JavaVirtualMachines/jdk1.8.0_192.jdk/Contents/Home/jre/lib/jfxswt.jar!/" type="simple" />
            <root url="jar:///Library/Java/JavaVirtualMachines/jdk1.8.0_192.jdk/Contents/Home/jre/lib/jsse.jar!/" type="simple" />
            <root url="jar:///Library/Java/JavaVirtualMachines/jdk1.8.0_192.jdk/Contents/Home/jre/lib/management-agent.jar!/" type="simple" />
            <root url="jar:///Library/Java/JavaVirtualMachines/jdk1.8.0_192.jdk/Contents/Home/jre/lib/plugin.jar!/" type="simple" />
            <root url="jar:///Library/Java/JavaVirtualMachines/jdk1.8.0_192.jdk/Contents/Home/jre/lib/resources.jar!/" type="simple" />
            <root url="jar:///Library/Java/JavaVirtualMachines/jdk1.8.0_192.jdk/Contents/Home/jre/lib/rt.jar!/" type="simple" />
            <root url="jar:///Library/Java/JavaVirtualMachines/jdk1.8.0_192.jdk/Contents/Home/lib/ant-javafx.jar!/" type="simple" />
            <root url="jar:///Library/Java/JavaVirtualMachines/jdk1.8.0_192.jdk/Contents/Home/lib/dt.jar!/" type="simple" />
            <root url="jar:///Library/Java/JavaVirtualMachines/jdk1.8.0_192.jdk/Contents/Home/lib/javafx-mx.jar!/" type="simple" />
            <root url="jar:///Library/Java/JavaVirtualMachines/jdk1.8.0_192.jdk/Contents/Home/lib/jconsole.jar!/" type="simple" />
            <root url="jar:///Library/Java/JavaVirtualMachines/jdk1.8.0_192.jdk/Contents/Home/lib/packager.jar!/" type="simple" />
            <root url="jar:///Library/Java/JavaVirtualMachines/jdk1.8.0_192.jdk/Contents/Home/lib/sa-jdi.jar!/" type="simple" />
            <root url="jar:///Library/Java/JavaVirtualMachines/jdk1.8.0_192.jdk/Contents/Home/lib/tools.jar!/" type="simple" />
          </root>
        </classPath>
        <javadocPath>
          <root type="composite" />
        </javadocPath>
        <sourcePath>
          <root type="composite">
            <root url="jar:///Library/Java/JavaVirtualMachines/jdk1.8.0_192.jdk/Contents/Home/src.zip!/" type="simple" />
            <root url="jar:///Library/Java/JavaVirtualMachines/jdk1.8.0_192.jdk/Contents/Home/javafx-src.zip!/" type="simple" />
          </root>
        </sourcePath>
      </roots>
      <additional />
    </jdk>
    <jdk version="2">
      <name value="rbenv: 2.5.1" />
      <type value="RUBY_SDK" />
      <version value="ver.2.5.1p57 ( revision 63029) p57" />
      <homePath value="$USER_HOME$/.rbenv/versions/2.5.1/bin/ruby" />
      <roots>
        <annotationsPath>
          <root type="composite" />
        </annotationsPath>
        <classPath>
          <root type="composite">
            <root url="file:///usr/local/Cellar/rbenv/1.1.1/rbenv.d/exec/gem-rehash" type="simple" />
            <root url="file://$USER_HOME$/.rbenv/versions/2.5.1/lib/ruby/gems/2.5.0/gems/did_you_mean-1.2.0/lib" type="simple" />
            <root url="file://$USER_HOME$/.rbenv/versions/2.5.1/lib/ruby/site_ruby/2.5.0" type="simple" />
            <root url="file://$USER_HOME$/.rbenv/versions/2.5.1/lib/ruby/site_ruby/2.5.0/x86_64-darwin18" type="simple" />
            <root url="file://$USER_HOME$/.rbenv/versions/2.5.1/lib/ruby/site_ruby" type="simple" />
            <root url="file://$USER_HOME$/.rbenv/versions/2.5.1/lib/ruby/vendor_ruby/2.5.0" type="simple" />
            <root url="file://$USER_HOME$/.rbenv/versions/2.5.1/lib/ruby/vendor_ruby/2.5.0/x86_64-darwin18" type="simple" />
            <root url="file://$USER_HOME$/.rbenv/versions/2.5.1/lib/ruby/vendor_ruby" type="simple" />
            <root url="file://$USER_HOME$/.rbenv/versions/2.5.1/lib/ruby/2.5.0" type="simple" />
            <root url="file://$USER_HOME$/.rbenv/versions/2.5.1/lib/ruby/2.5.0/x86_64-darwin18" type="simple" />
            <root url="file://$APPLICATION_PLUGINS_DIR$/ruby/rubystubs/rubystubs25" type="simple" />
          </root>
        </classPath>
        <javadocPath>
          <root type="composite" />
        </javadocPath>
        <sourcePath>
          <root type="composite">
            <root url="file:///usr/local/Cellar/rbenv/1.1.1/rbenv.d/exec/gem-rehash" type="simple" />
            <root url="file://$USER_HOME$/.rbenv/versions/2.5.1/lib/ruby/gems/2.5.0/gems/did_you_mean-1.2.0/lib" type="simple" />
            <root url="file://$USER_HOME$/.rbenv/versions/2.5.1/lib/ruby/site_ruby/2.5.0" type="simple" />
            <root url="file://$USER_HOME$/.rbenv/versions/2.5.1/lib/ruby/site_ruby/2.5.0/x86_64-darwin18" type="simple" />
            <root url="file://$USER_HOME$/.rbenv/versions/2.5.1/lib/ruby/site_ruby" type="simple" />
            <root url="file://$USER_HOME$/.rbenv/versions/2.5.1/lib/ruby/vendor_ruby/2.5.0" type="simple" />
            <root url="file://$USER_HOME$/.rbenv/versions/2.5.1/lib/ruby/vendor_ruby/2.5.0/x86_64-darwin18" type="simple" />
            <root url="file://$USER_HOME$/.rbenv/versions/2.5.1/lib/ruby/vendor_ruby" type="simple" />
            <root url="file://$USER_HOME$/.rbenv/versions/2.5.1/lib/ruby/2.5.0" type="simple" />
            <root url="file://$USER_HOME$/.rbenv/versions/2.5.1/lib/ruby/2.5.0/x86_64-darwin18" type="simple" />
            <root url="file://$APPLICATION_PLUGINS_DIR$/ruby/rubystubs/rubystubs25" type="simple" />
          </root>
        </sourcePath>
      </roots>
      <additional NORMALIZED_VERSION_STRING="ver.2.5.1p57 ( revision 63029) p57" version="1" GEMS_BIN_DIR_PATH="$USER_HOME$/.rbenv/versions/2.5.1/bin">
        <VERSION_MANAGER ID="rbenv">
          <option name="gemset-name" />
          <distribution-id>2.5.1</distribution-id>
          <version-manager-path>/usr/local/bin/rbenv</version-manager-path>
        </VERSION_MANAGER>
        <RbConfig>
          <item key="AR" value="libtool -static" />
          <item key="ARFLAGS" value="-no_warning_for_no_symbols -o " />
          <item key="AS" value="as" />
          <item key="ASMEXT" value="S" />
          <item key="BUILTIN_TRANSSRCS" value=" enc/trans/newline.c" />
          <item key="CC" value="clang" />
          <item key="CCDLFLAGS" value="-fno-common" />
          <item key="CC_VERSION" value="clang --version" />
          <item key="CC_VERSION_MESSAGE" value="Apple LLVM version 10.0.0 (clang-1000.11.45.5)&#10;Target: x86_64-apple-darwin18.2.0&#10;Thread model: posix&#10;InstalledDir: /Applications/Xcode.app/Contents/Developer/Toolchains/XcodeDefault.xctoolchain/usr/bin" />
          <item key="CFLAGS" value=" -O3 -Wno-error=shorten-64-to-32  -pipe" />
          <item key="CHDIR" value="cd -P" />
          <item key="CONFIGURE" value="configure" />
          <item key="COUTFLAG" value="-o " />
          <item key="CP" value="cp" />
          <item key="CPP" value="clang -E" />
          <item key="CPPFLAGS" value="-I/Users/cyniphile/.rbenv/versions/2.5.1/include  -D_XOPEN_SOURCE -D_DARWIN_C_SOURCE -D_DARWIN_UNLIMITED_SELECT -D_REENTRANT  " />
          <item key="CPPOUTFILE" value="-o conftest.i" />
          <item key="CROSS_COMPILING" value="no" />
          <item key="CXX" value="clang++" />
          <item key="CXXFLAGS" value="-O3 -ggdb3 -Wall -Wextra -Wno-unused-parameter -Wno-parentheses -Wno-long-long -Wno-missing-field-initializers -Wno-tautological-compare -Wno-parentheses-equality -Wno-constant-logical-operand -Wno-self-assign -Wunused-variable -Wimplicit-int -Wpointer-arith -Wwrite-strings -Wdeclaration-after-statement -Wshorten-64-to-32 -Wimplicit-function-declaration -Wdivision-by-zero -Wdeprecated-declarations -Wextra-tokens" />
          <item key="DLDFLAGS" value="-L/Users/cyniphile/.rbenv/versions/2.5.1/lib  -Wl,-undefined,dynamic_lookup -Wl,-multiply_defined,suppress" />
          <item key="DLEXT" value="bundle" />
          <item key="DLNOBJ" value="dln.o" />
          <item key="ECHO_C" value="\\c" />
          <item key="EGREP" value="/usr/bin/grep -E" />
          <item key="ENABLE_SHARED" value="no" />
          <item key="EXTOUT" value=".ext" />
          <item key="GCC" value="yes" />
          <item key="GIT" value="git" />
          <item key="GNU_LD" value="no" />
          <item key="GREP" value="/usr/bin/grep" />
          <item key="HAVE_GIT" value="yes" />
          <item key="INSTALL" value="/usr/bin/install -c" />
          <item key="INSTALL_DATA" value="/usr/bin/install -c -m 644" />
          <item key="INSTALL_PROGRAM" value="/usr/bin/install -c" />
          <item key="INSTALL_SCRIPT" value="/usr/bin/install -c" />
          <item key="INSTALL_STATIC_LIBRARY" value="yes" />
          <item key="LD" value="ld" />
          <item key="LDFLAGS" value="-L. -L/Users/cyniphile/.rbenv/versions/2.5.1/lib  -fstack-protector -L/usr/local/lib" />
          <item key="LDSHARED" value="clang -dynamic -bundle" />
          <item key="LDSHAREDXX" value="clang++ -dynamic -bundle" />
          <item key="LIBEXT" value="a" />
          <item key="LIBPATHENV" value="DYLD_LIBRARY_PATH" />
          <item key="LIBPATHFLAG" value=" -L%s" />
          <item key="LIBRUBY" value="libruby.2.5.1-static.a" />
          <item key="LIBRUBYARG" value="-lruby.2.5.1-static -framework Foundation" />
          <item key="LIBRUBYARG_STATIC" value="-lruby.2.5.1-static -framework Foundation" />
          <item key="LIBRUBY_A" value="libruby.2.5.1-static.a" />
          <item key="LIBRUBY_ALIASES" value="libruby.2.5.1.dylib" />
          <item key="LIBRUBY_RELATIVE" value="no" />
          <item key="LIBRUBY_SO" value="libruby.2.5.1.dylib.2.5.1" />
          <item key="LIBRUBY_SONAME" value="libruby.2.5.1.dylib.2.5" />
          <item key="LIBS" value="-lpthread -ldl -lobjc" />
          <item key="LINK_SO" value="&#10;dsymutil $@; { test -z '$(RUBY_CODESIGN)' || codesign -s '$(RUBY_CODESIGN)' -f $@; }" />
          <item key="LN_S" value="ln -s" />
          <item key="MAJOR" value="2" />
          <item key="MAKEDIRS" value="mkdir -p" />
          <item key="MAKEFILES" value="Makefile GNUmakefile" />
          <item key="MANTYPE" value="doc" />
          <item key="MINOR" value="5" />
          <item key="MKDIR_P" value="mkdir -p" />
          <item key="NM" value="nm" />
          <item key="NULLCMD" value=":" />
          <item key="OBJCOPY" value=":" />
          <item key="OBJDUMP" value="objdump" />
          <item key="OBJEXT" value="o" />
          <item key="OUTFLAG" value="-o " />
          <item key="PACKAGE" value="ruby" />
          <item key="PATCHLEVEL" value="57" />
          <item key="PATH_SEPARATOR" value=":" />
          <item key="PKG_CONFIG" value="pkg-config" />
          <item key="POSTLINK" value="dsymutil $@; { test -z '$(RUBY_CODESIGN)' || codesign -s '$(RUBY_CODESIGN)' -f $@; }" />
          <item key="PRELOADENV" value="DYLD_INSERT_LIBRARIES" />
          <item key="PREP" value="miniruby exe/$(PROGRAM)" />
          <item key="RANLIB" value=":" />
          <item key="RI_BASE_NAME" value="ri" />
          <item key="RM" value="rm -f" />
          <item key="RMALL" value="rm -fr" />
          <item key="RMDIR" value="rmdir" />
          <item key="RMDIRS" value="rmdir -p" />
          <item key="RUBYW_BASE_NAME" value="rubyw" />
          <item key="RUBY_API_VERSION" value="2.5" />
          <item key="RUBY_BASE_NAME" value="ruby" />
          <item key="RUBY_EXEC_PREFIX" value="$USER_HOME$/.rbenv/versions/2.5.1" />
          <item key="RUBY_INSTALL_NAME" value="ruby" />
          <item key="RUBY_LIB_VERSION_STYLE" value="3&#9;/* full */" />
          <item key="RUBY_PROGRAM_VERSION" value="2.5.1" />
          <item key="RUBY_SO_NAME" value="ruby.2.5.1" />
          <item key="RUBY_VERSION_NAME" value="ruby-2.5.0" />
          <item key="SHELL" value="/bin/sh" />
          <item key="SOEXT" value="dylib" />
          <item key="STRIP" value="strip -A -n" />
          <item key="SYMBOL_PREFIX" value="_" />
          <item key="TEENY" value="1" />
          <item key="TEST_RUNNABLE" value="yes" />
          <item key="THREAD_MODEL" value="pthread" />
          <item key="UNICODE_VERSION" value="10.0.0" />
          <item key="USE_RUBYGEMS" value="YES" />
          <item key="WERRORFLAG" value="-Werror" />
          <item key="arch" value="x86_64-darwin18" />
          <item key="archdir" value="$USER_HOME$/.rbenv/versions/2.5.1/lib/ruby/2.5.0/x86_64-darwin18" />
          <item key="archincludedir" value="$USER_HOME$/.rbenv/versions/2.5.1/include/x86_64-darwin18" />
          <item key="archlibdir" value="$USER_HOME$/.rbenv/versions/2.5.1/lib/x86_64-darwin18" />
          <item key="bindir" value="$USER_HOME$/.rbenv/versions/2.5.1/bin" />
          <item key="build" value="x86_64-apple-darwin18.2.0" />
          <item key="build_cpu" value="x86_64" />
          <item key="build_os" value="darwin18.2.0" />
          <item key="build_vendor" value="apple" />
          <item key="cflags" value="-O3 -ggdb3 -Wall -Wextra -Wno-unused-parameter -Wno-parentheses -Wno-long-long -Wno-missing-field-initializers -Wno-tautological-compare -Wno-parentheses-equality -Wno-constant-logical-operand -Wno-self-assign -Wunused-variable -Wimplicit-int -Wpointer-arith -Wwrite-strings -Wdeclaration-after-statement -Wshorten-64-to-32 -Wimplicit-function-declaration -Wdivision-by-zero -Wdeprecated-declarations -Wextra-tokens" />
          <item key="codesign" value="codesign" />
          <item key="configure_args" value=" '--prefix=/Users/cyniphile/.rbenv/versions/2.5.1' '--with-openssl-dir=/usr/local/opt/openssl' 'CC=clang' 'CFLAGS= -O3 -Wno-error=shorten-64-to-32 ' 'LDFLAGS=-L/Users/cyniphile/.rbenv/versions/2.5.1/lib ' 'CPPFLAGS=-I/Users/cyniphile/.rbenv/versions/2.5.1/include '" />
          <item key="cxxflags" value="-O3 -ggdb3 -Wall -Wextra -Wno-unused-parameter -Wno-parentheses -Wno-long-long -Wno-missing-field-initializers -Wno-tautological-compare -Wno-parentheses-equality -Wno-constant-logical-operand -Wno-self-assign -Wunused-variable -Wimplicit-int -Wpointer-arith -Wwrite-strings -Wdeclaration-after-statement -Wshorten-64-to-32 -Wimplicit-function-declaration -Wdivision-by-zero -Wdeprecated-declarations -Wextra-tokens" />
          <item key="datadir" value="$USER_HOME$/.rbenv/versions/2.5.1/share" />
          <item key="datarootdir" value="$USER_HOME$/.rbenv/versions/2.5.1/share" />
          <item key="debugflags" value="-ggdb3" />
          <item key="docdir" value="$USER_HOME$/.rbenv/versions/2.5.1/share/doc/ruby" />
          <item key="dsymutil" value="dsymutil" />
          <item key="dvidir" value="$USER_HOME$/.rbenv/versions/2.5.1/share/doc/ruby" />
          <item key="exec" value="exec" />
          <item key="exec_prefix" value="$USER_HOME$/.rbenv/versions/2.5.1" />
          <item key="host" value="x86_64-apple-darwin18.2.0" />
          <item key="host_cpu" value="x86_64" />
          <item key="host_os" value="darwin18.2.0" />
          <item key="host_vendor" value="apple" />
          <item key="htmldir" value="$USER_HOME$/.rbenv/versions/2.5.1/share/doc/ruby" />
          <item key="includedir" value="$USER_HOME$/.rbenv/versions/2.5.1/include" />
          <item key="infodir" value="$USER_HOME$/.rbenv/versions/2.5.1/share/info" />
          <item key="libdir" value="$USER_HOME$/.rbenv/versions/2.5.1/lib" />
          <item key="libdirname" value="libdir" />
          <item key="libexecdir" value="$USER_HOME$/.rbenv/versions/2.5.1/libexec" />
          <item key="localedir" value="$USER_HOME$/.rbenv/versions/2.5.1/share/locale" />
          <item key="localstatedir" value="$USER_HOME$/.rbenv/versions/2.5.1/var" />
          <item key="mandir" value="$USER_HOME$/.rbenv/versions/2.5.1/share/man" />
          <item key="oldincludedir" value="/usr/include" />
          <item key="optflags" value="-O3" />
          <item key="pdfdir" value="$USER_HOME$/.rbenv/versions/2.5.1/share/doc/ruby" />
          <item key="prefix" value="$USER_HOME$/.rbenv/versions/2.5.1" />
          <item key="psdir" value="$USER_HOME$/.rbenv/versions/2.5.1/share/doc/ruby" />
          <item key="ridir" value="$USER_HOME$/.rbenv/versions/2.5.1/share/ri" />
          <item key="ruby_install_name" value="ruby" />
          <item key="ruby_pc" value="ruby-2.5.pc" />
          <item key="ruby_version" value="2.5.0" />
          <item key="rubyarchdir" value="$USER_HOME$/.rbenv/versions/2.5.1/lib/ruby/2.5.0/x86_64-darwin18" />
          <item key="rubyarchhdrdir" value="$USER_HOME$/.rbenv/versions/2.5.1/include/ruby-2.5.0/x86_64-darwin18" />
          <item key="rubyarchprefix" value="$USER_HOME$/.rbenv/versions/2.5.1/lib/ruby/x86_64-darwin18" />
          <item key="rubyhdrdir" value="$USER_HOME$/.rbenv/versions/2.5.1/include/ruby-2.5.0" />
          <item key="rubylibdir" value="$USER_HOME$/.rbenv/versions/2.5.1/lib/ruby/2.5.0" />
          <item key="rubylibprefix" value="$USER_HOME$/.rbenv/versions/2.5.1/lib/ruby" />
          <item key="rubysitearchprefix" value="$USER_HOME$/.rbenv/versions/2.5.1/lib/ruby/x86_64-darwin18" />
          <item key="sbindir" value="$USER_HOME$/.rbenv/versions/2.5.1/sbin" />
          <item key="setup" value="Setup" />
          <item key="sharedstatedir" value="$USER_HOME$/.rbenv/versions/2.5.1/com" />
          <item key="sitearch" value="x86_64-darwin18" />
          <item key="sitearchdir" value="$USER_HOME$/.rbenv/versions/2.5.1/lib/ruby/site_ruby/2.5.0/x86_64-darwin18" />
          <item key="sitearchhdrdir" value="$USER_HOME$/.rbenv/versions/2.5.1/include/ruby-2.5.0/site_ruby/x86_64-darwin18" />
          <item key="sitearchincludedir" value="$USER_HOME$/.rbenv/versions/2.5.1/include/x86_64-darwin18" />
          <item key="sitearchlibdir" value="$USER_HOME$/.rbenv/versions/2.5.1/lib/x86_64-darwin18" />
          <item key="sitedir" value="$USER_HOME$/.rbenv/versions/2.5.1/lib/ruby/site_ruby" />
          <item key="sitehdrdir" value="$USER_HOME$/.rbenv/versions/2.5.1/include/ruby-2.5.0/site_ruby" />
          <item key="sitelibdir" value="$USER_HOME$/.rbenv/versions/2.5.1/lib/ruby/site_ruby/2.5.0" />
          <item key="sysconfdir" value="$USER_HOME$/.rbenv/versions/2.5.1/etc" />
          <item key="target" value="x86_64-apple-darwin18" />
          <item key="target_cpu" value="x86_64" />
          <item key="target_os" value="darwin18" />
          <item key="target_vendor" value="apple" />
          <item key="topdir" value="$USER_HOME$/.rbenv/versions/2.5.1/lib/ruby/2.5.0/x86_64-darwin18" />
          <item key="vendorarchdir" value="$USER_HOME$/.rbenv/versions/2.5.1/lib/ruby/vendor_ruby/2.5.0/x86_64-darwin18" />
          <item key="vendorarchhdrdir" value="$USER_HOME$/.rbenv/versions/2.5.1/include/ruby-2.5.0/vendor_ruby/x86_64-darwin18" />
          <item key="vendordir" value="$USER_HOME$/.rbenv/versions/2.5.1/lib/ruby/vendor_ruby" />
          <item key="vendorhdrdir" value="$USER_HOME$/.rbenv/versions/2.5.1/include/ruby-2.5.0/vendor_ruby" />
          <item key="vendorlibdir" value="$USER_HOME$/.rbenv/versions/2.5.1/lib/ruby/vendor_ruby/2.5.0" />
          <item key="warnflags" value="-Wall -Wextra -Wno-unused-parameter -Wno-parentheses -Wno-long-long -Wno-missing-field-initializers -Wno-tautological-compare -Wno-parentheses-equality -Wno-constant-logical-operand -Wno-self-assign -Wunused-variable -Wimplicit-int -Wpointer-arith -Wwrite-strings -Wdeclaration-after-statement -Wshorten-64-to-32 -Wimplicit-function-declaration -Wdivision-by-zero -Wdeprecated-declarations -Wextra-tokens" />
        </RbConfig>
      </additional>
    </jdk>
    <jdk version="2">
      <name value="rbenv: 2.6.2" />
      <type value="RUBY_SDK" />
      <version value="ver.2.6.2p47 ( revision 67232) p47" />
      <homePath value="$USER_HOME$/.rbenv/versions/2.6.2/bin/ruby" />
      <roots>
        <annotationsPath>
          <root type="composite" />
        </annotationsPath>
        <classPath>
          <root type="composite">
            <root url="file:///usr/local/Cellar/rbenv/1.1.1/rbenv.d/exec/gem-rehash" type="simple" />
            <root url="file://$USER_HOME$/.rbenv/versions/2.6.2/lib/ruby/gems/2.6.0/gems/did_you_mean-1.3.0/lib" type="simple" />
            <root url="file://$USER_HOME$/.rbenv/versions/2.6.2/lib/ruby/site_ruby/2.6.0" type="simple" />
            <root url="file://$USER_HOME$/.rbenv/versions/2.6.2/lib/ruby/site_ruby/2.6.0/x86_64-darwin18" type="simple" />
            <root url="file://$USER_HOME$/.rbenv/versions/2.6.2/lib/ruby/site_ruby" type="simple" />
            <root url="file://$USER_HOME$/.rbenv/versions/2.6.2/lib/ruby/vendor_ruby/2.6.0" type="simple" />
            <root url="file://$USER_HOME$/.rbenv/versions/2.6.2/lib/ruby/vendor_ruby/2.6.0/x86_64-darwin18" type="simple" />
            <root url="file://$USER_HOME$/.rbenv/versions/2.6.2/lib/ruby/vendor_ruby" type="simple" />
            <root url="file://$USER_HOME$/.rbenv/versions/2.6.2/lib/ruby/2.6.0" type="simple" />
            <root url="file://$USER_HOME$/.rbenv/versions/2.6.2/lib/ruby/2.6.0/x86_64-darwin18" type="simple" />
            <root url="file://$APPLICATION_PLUGINS_DIR$/ruby/rubystubs/rubystubs26" type="simple" />
          </root>
        </classPath>
        <javadocPath>
          <root type="composite" />
        </javadocPath>
        <sourcePath>
          <root type="composite">
            <root url="file:///usr/local/Cellar/rbenv/1.1.1/rbenv.d/exec/gem-rehash" type="simple" />
            <root url="file://$USER_HOME$/.rbenv/versions/2.6.2/lib/ruby/gems/2.6.0/gems/did_you_mean-1.3.0/lib" type="simple" />
            <root url="file://$USER_HOME$/.rbenv/versions/2.6.2/lib/ruby/site_ruby/2.6.0" type="simple" />
            <root url="file://$USER_HOME$/.rbenv/versions/2.6.2/lib/ruby/site_ruby/2.6.0/x86_64-darwin18" type="simple" />
            <root url="file://$USER_HOME$/.rbenv/versions/2.6.2/lib/ruby/site_ruby" type="simple" />
            <root url="file://$USER_HOME$/.rbenv/versions/2.6.2/lib/ruby/vendor_ruby/2.6.0" type="simple" />
            <root url="file://$USER_HOME$/.rbenv/versions/2.6.2/lib/ruby/vendor_ruby/2.6.0/x86_64-darwin18" type="simple" />
            <root url="file://$USER_HOME$/.rbenv/versions/2.6.2/lib/ruby/vendor_ruby" type="simple" />
            <root url="file://$USER_HOME$/.rbenv/versions/2.6.2/lib/ruby/2.6.0" type="simple" />
            <root url="file://$USER_HOME$/.rbenv/versions/2.6.2/lib/ruby/2.6.0/x86_64-darwin18" type="simple" />
            <root url="file://$APPLICATION_PLUGINS_DIR$/ruby/rubystubs/rubystubs26" type="simple" />
          </root>
        </sourcePath>
      </roots>
      <additional NORMALIZED_VERSION_STRING="ver.2.6.2p47 ( revision 67232) p47" version="1" GEMS_BIN_DIR_PATH="$USER_HOME$/.rbenv/versions/2.6.2/bin">
        <VERSION_MANAGER ID="rbenv">
          <option name="gemset-name" />
          <distribution-id>2.6.2</distribution-id>
          <version-manager-path>/usr/local/bin/rbenv</version-manager-path>
        </VERSION_MANAGER>
        <RbConfig>
          <item key="AR" value="libtool -static" />
          <item key="ARFLAGS" value="-no_warning_for_no_symbols -o " />
          <item key="AS" value="as" />
          <item key="ASMEXT" value="S" />
          <item key="BUILTIN_TRANSSRCS" value=" enc/trans/newline.c" />
          <item key="CC" value="clang" />
          <item key="CCDLFLAGS" value="-fno-common" />
          <item key="CC_VERSION" value="clang --version" />
          <item key="CC_VERSION_MESSAGE" value="Apple LLVM version 10.0.0 (clang-1000.11.45.5)&#10;Target: x86_64-apple-darwin18.2.0&#10;Thread model: posix&#10;InstalledDir: /Applications/Xcode.app/Contents/Developer/Toolchains/XcodeDefault.xctoolchain/usr/bin" />
          <item key="CFLAGS" value="-O3 -ggdb3 -Wall -Wextra -Wdeclaration-after-statement -Wdeprecated-declarations -Wdivision-by-zero -Wimplicit-function-declaration -Wimplicit-int -Wpointer-arith -Wshorten-64-to-32 -Wwrite-strings -Wmissing-noreturn -Wno-constant-logical-operand -Wno-long-long -Wno-missing-field-initializers -Wno-overlength-strings -Wno-parentheses-equality -Wno-self-assign -Wno-tautological-compare -Wno-unused-parameter -Wno-unused-value -Wunused-variable -Wextra-tokens  -pipe" />
          <item key="CHDIR" value="cd -P" />
          <item key="CONFIGURE" value="configure" />
          <item key="COUTFLAG" value="-o " />
          <item key="CP" value="cp" />
          <item key="CPP" value="clang -E" />
          <item key="CPPFLAGS" value="-I/Users/cyniphile/.rbenv/versions/2.6.2/include  -D_XOPEN_SOURCE -D_DARWIN_C_SOURCE -D_DARWIN_UNLIMITED_SELECT -D_REENTRANT  " />
          <item key="CPPOUTFILE" value="-o conftest.i" />
          <item key="CROSS_COMPILING" value="no" />
          <item key="CXX" value="clang++" />
          <item key="CXXFLAGS" value="-O3 -ggdb3 -Wall -Wextra -Wdeclaration-after-statement -Wdeprecated-declarations -Wdivision-by-zero -Wimplicit-function-declaration -Wimplicit-int -Wpointer-arith -Wshorten-64-to-32 -Wwrite-strings -Wmissing-noreturn -Wno-constant-logical-operand -Wno-long-long -Wno-missing-field-initializers -Wno-overlength-strings -Wno-parentheses-equality -Wno-self-assign -Wno-tautological-compare -Wno-unused-parameter -Wno-unused-value -Wunused-variable -Wextra-tokens" />
          <item key="DLDFLAGS" value="-L/Users/cyniphile/.rbenv/versions/2.6.2/lib  -Wl,-undefined,dynamic_lookup -Wl,-multiply_defined,suppress" />
          <item key="DLDSHARED" value="clang -dynamiclib" />
          <item key="DLEXT" value="bundle" />
          <item key="DLNOBJ" value="dln.o" />
          <item key="ECHO_C" value="\\c" />
          <item key="EGREP" value="/usr/bin/grep -E" />
          <item key="ENABLE_SHARED" value="no" />
          <item key="EXTOUT" value=".ext" />
          <item key="GCC" value="yes" />
          <item key="GIT" value="git" />
          <item key="GNU_LD" value="no" />
          <item key="GREP" value="/usr/bin/grep" />
          <item key="HAVE_GIT" value="yes" />
          <item key="INSTALL" value="/usr/bin/install -c" />
          <item key="INSTALL_DATA" value="/usr/bin/install -c -m 644" />
          <item key="INSTALL_PROGRAM" value="/usr/bin/install -c" />
          <item key="INSTALL_SCRIPT" value="/usr/bin/install -c" />
          <item key="INSTALL_STATIC_LIBRARY" value="yes" />
          <item key="LD" value="ld" />
          <item key="LDFLAGS" value="-L. -L/Users/cyniphile/.rbenv/versions/2.6.2/lib  -fstack-protector-strong -L/usr/local/lib" />
          <item key="LDSHARED" value="clang -dynamic -bundle" />
          <item key="LDSHAREDXX" value="clang++ -dynamic -bundle" />
          <item key="LIBEXT" value="a" />
          <item key="LIBPATHENV" value="DYLD_FALLBACK_LIBRARY_PATH" />
          <item key="LIBPATHFLAG" value=" -L%s" />
          <item key="LIBRUBY" value="libruby.2.6-static.a" />
          <item key="LIBRUBYARG" value="-lruby.2.6-static -framework Security -framework Foundation -lpthread -ldl -lobjc" />
          <item key="LIBRUBYARG_STATIC" value="-lruby.2.6-static -framework Security -framework Foundation -lpthread -ldl -lobjc" />
          <item key="LIBRUBY_A" value="libruby.2.6-static.a" />
          <item key="LIBRUBY_ALIASES" value="libruby.2.6.dylib" />
          <item key="LIBRUBY_RELATIVE" value="no" />
          <item key="LIBRUBY_SO" value="libruby.2.6.dylib.2.6.2" />
          <item key="LIBRUBY_SONAME" value="libruby.2.6.dylib.2.6" />
          <item key="LINK_SO" value="&#10;dsymutil $@; { test -z '$(RUBY_CODESIGN)' || codesign -s '$(RUBY_CODESIGN)' -f $@; }" />
          <item key="LN_S" value="ln -s" />
          <item key="MAINLIBS" value="-lpthread -ldl -lobjc" />
          <item key="MAJOR" value="2" />
          <item key="MAKEDIRS" value="mkdir -p" />
          <item key="MAKEFILES" value="Makefile GNUmakefile" />
          <item key="MANTYPE" value="doc" />
          <item key="MATHN" value="yes" />
          <item key="MINOR" value="6" />
          <item key="MJIT_SUPPORT" value="yes" />
          <item key="MKDIR_P" value="mkdir -p" />
          <item key="NM" value="nm" />
          <item key="NULLCMD" value=":" />
          <item key="OBJCOPY" value=":" />
          <item key="OBJDUMP" value="objdump" />
          <item key="OBJEXT" value="o" />
          <item key="OUTFLAG" value="-o " />
          <item key="PACKAGE" value="ruby" />
          <item key="PATCHLEVEL" value="47" />
          <item key="PATH_SEPARATOR" value=":" />
          <item key="PKG_CONFIG" value="pkg-config" />
          <item key="POSTLINK" value="dsymutil $@; { test -z '$(RUBY_CODESIGN)' || codesign -s '$(RUBY_CODESIGN)' -f $@; }" />
          <item key="PRELOADENV" value="DYLD_INSERT_LIBRARIES" />
          <item key="PREP" value="miniruby exe/$(PROGRAM)" />
          <item key="RANLIB" value=":" />
          <item key="RI_BASE_NAME" value="ri" />
          <item key="RM" value="rm -f" />
          <item key="RMALL" value="rm -fr" />
          <item key="RMDIR" value="rmdir" />
          <item key="RMDIRS" value="rmdir -p" />
          <item key="RUBYW_BASE_NAME" value="rubyw" />
          <item key="RUBY_API_VERSION" value="2.6" />
          <item key="RUBY_BASE_NAME" value="ruby" />
          <item key="RUBY_EXEC_PREFIX" value="$USER_HOME$/.rbenv/versions/2.6.2" />
          <item key="RUBY_INSTALL_NAME" value="ruby" />
          <item key="RUBY_LIB_VERSION_STYLE" value="3&#9;/* full */" />
          <item key="RUBY_PROGRAM_VERSION" value="2.6.2" />
          <item key="RUBY_SO_NAME" value="ruby.2.6" />
          <item key="RUBY_VERSION_NAME" value="ruby-2.6.0" />
          <item key="SHELL" value="/bin/sh" />
          <item key="SOEXT" value="dylib" />
          <item key="SOLIBS" value="-lpthread -ldl -lobjc" />
          <item key="STRIP" value="strip -A -n" />
          <item key="SYMBOL_PREFIX" value="_" />
          <item key="TEENY" value="2" />
          <item key="TEST_RUNNABLE" value="yes" />
          <item key="THREAD_MODEL" value="pthread" />
          <item key="UNICODE_EMOJI_VERSION" value="12.0" />
          <item key="UNICODE_VERSION" value="12.0.0" />
          <item key="WERRORFLAG" value="-Werror" />
          <item key="arch" value="x86_64-darwin18" />
          <item key="archdir" value="$USER_HOME$/.rbenv/versions/2.6.2/lib/ruby/2.6.0/x86_64-darwin18" />
          <item key="archincludedir" value="$USER_HOME$/.rbenv/versions/2.6.2/include/x86_64-darwin18" />
          <item key="archlibdir" value="$USER_HOME$/.rbenv/versions/2.6.2/lib/x86_64-darwin18" />
          <item key="bindir" value="$USER_HOME$/.rbenv/versions/2.6.2/bin" />
          <item key="build" value="x86_64-apple-darwin18.2.0" />
          <item key="build_cpu" value="x86_64" />
          <item key="build_os" value="darwin18.2.0" />
          <item key="build_vendor" value="apple" />
          <item key="cflags" value="-O3 -ggdb3 -Wall -Wextra -Wdeclaration-after-statement -Wdeprecated-declarations -Wdivision-by-zero -Wimplicit-function-declaration -Wimplicit-int -Wpointer-arith -Wshorten-64-to-32 -Wwrite-strings -Wmissing-noreturn -Wno-constant-logical-operand -Wno-long-long -Wno-missing-field-initializers -Wno-overlength-strings -Wno-parentheses-equality -Wno-self-assign -Wno-tautological-compare -Wno-unused-parameter -Wno-unused-value -Wunused-variable -Wextra-tokens" />
          <item key="codesign" value="codesign" />
          <item key="configure_args" value=" '--prefix=/Users/cyniphile/.rbenv/versions/2.6.2' '--with-openssl-dir=/usr/local/opt/openssl' '--with-readline-dir=/usr/local/opt/readline' 'CC=clang' 'LDFLAGS=-L/Users/cyniphile/.rbenv/versions/2.6.2/lib ' 'CPPFLAGS=-I/Users/cyniphile/.rbenv/versions/2.6.2/include '" />
          <item key="cxxflags" value="-O3 -ggdb3 -Wall -Wextra -Wdeclaration-after-statement -Wdeprecated-declarations -Wdivision-by-zero -Wimplicit-function-declaration -Wimplicit-int -Wpointer-arith -Wshorten-64-to-32 -Wwrite-strings -Wmissing-noreturn -Wno-constant-logical-operand -Wno-long-long -Wno-missing-field-initializers -Wno-overlength-strings -Wno-parentheses-equality -Wno-self-assign -Wno-tautological-compare -Wno-unused-parameter -Wno-unused-value -Wunused-variable -Wextra-tokens" />
          <item key="datadir" value="$USER_HOME$/.rbenv/versions/2.6.2/share" />
          <item key="datarootdir" value="$USER_HOME$/.rbenv/versions/2.6.2/share" />
          <item key="debugflags" value="-ggdb3" />
          <item key="docdir" value="$USER_HOME$/.rbenv/versions/2.6.2/share/doc/ruby" />
          <item key="dsymutil" value="dsymutil" />
          <item key="dvidir" value="$USER_HOME$/.rbenv/versions/2.6.2/share/doc/ruby" />
          <item key="exec" value="exec" />
          <item key="exec_prefix" value="$USER_HOME$/.rbenv/versions/2.6.2" />
          <item key="host" value="x86_64-apple-darwin18.2.0" />
          <item key="host_cpu" value="x86_64" />
          <item key="host_os" value="darwin18.2.0" />
          <item key="host_vendor" value="apple" />
          <item key="htmldir" value="$USER_HOME$/.rbenv/versions/2.6.2/share/doc/ruby" />
          <item key="includedir" value="$USER_HOME$/.rbenv/versions/2.6.2/include" />
          <item key="infodir" value="$USER_HOME$/.rbenv/versions/2.6.2/share/info" />
          <item key="libdir" value="$USER_HOME$/.rbenv/versions/2.6.2/lib" />
          <item key="libdirname" value="libdir" />
          <item key="libexecdir" value="$USER_HOME$/.rbenv/versions/2.6.2/libexec" />
          <item key="localedir" value="$USER_HOME$/.rbenv/versions/2.6.2/share/locale" />
          <item key="localstatedir" value="$USER_HOME$/.rbenv/versions/2.6.2/var" />
          <item key="mandir" value="$USER_HOME$/.rbenv/versions/2.6.2/share/man" />
          <item key="oldincludedir" value="/usr/include" />
          <item key="optflags" value="-O3" />
          <item key="pdfdir" value="$USER_HOME$/.rbenv/versions/2.6.2/share/doc/ruby" />
          <item key="prefix" value="$USER_HOME$/.rbenv/versions/2.6.2" />
          <item key="psdir" value="$USER_HOME$/.rbenv/versions/2.6.2/share/doc/ruby" />
          <item key="ridir" value="$USER_HOME$/.rbenv/versions/2.6.2/share/ri" />
          <item key="ruby_install_name" value="ruby" />
          <item key="ruby_pc" value="ruby-2.6.pc" />
          <item key="ruby_version" value="2.6.0" />
          <item key="rubyarchdir" value="$USER_HOME$/.rbenv/versions/2.6.2/lib/ruby/2.6.0/x86_64-darwin18" />
          <item key="rubyarchhdrdir" value="$USER_HOME$/.rbenv/versions/2.6.2/include/ruby-2.6.0/x86_64-darwin18" />
          <item key="rubyarchprefix" value="$USER_HOME$/.rbenv/versions/2.6.2/lib/ruby/x86_64-darwin18" />
          <item key="rubyhdrdir" value="$USER_HOME$/.rbenv/versions/2.6.2/include/ruby-2.6.0" />
          <item key="rubylibdir" value="$USER_HOME$/.rbenv/versions/2.6.2/lib/ruby/2.6.0" />
          <item key="rubylibprefix" value="$USER_HOME$/.rbenv/versions/2.6.2/lib/ruby" />
          <item key="rubysitearchprefix" value="$USER_HOME$/.rbenv/versions/2.6.2/lib/ruby/x86_64-darwin18" />
          <item key="sbindir" value="$USER_HOME$/.rbenv/versions/2.6.2/sbin" />
          <item key="setup" value="Setup" />
          <item key="sharedstatedir" value="$USER_HOME$/.rbenv/versions/2.6.2/com" />
          <item key="sitearch" value="x86_64-darwin18" />
          <item key="sitearchdir" value="$USER_HOME$/.rbenv/versions/2.6.2/lib/ruby/site_ruby/2.6.0/x86_64-darwin18" />
          <item key="sitearchhdrdir" value="$USER_HOME$/.rbenv/versions/2.6.2/include/ruby-2.6.0/site_ruby/x86_64-darwin18" />
          <item key="sitearchincludedir" value="$USER_HOME$/.rbenv/versions/2.6.2/include/x86_64-darwin18" />
          <item key="sitearchlibdir" value="$USER_HOME$/.rbenv/versions/2.6.2/lib/x86_64-darwin18" />
          <item key="sitedir" value="$USER_HOME$/.rbenv/versions/2.6.2/lib/ruby/site_ruby" />
          <item key="sitehdrdir" value="$USER_HOME$/.rbenv/versions/2.6.2/include/ruby-2.6.0/site_ruby" />
          <item key="sitelibdir" value="$USER_HOME$/.rbenv/versions/2.6.2/lib/ruby/site_ruby/2.6.0" />
          <item key="sysconfdir" value="$USER_HOME$/.rbenv/versions/2.6.2/etc" />
          <item key="target" value="x86_64-apple-darwin18" />
          <item key="target_cpu" value="x86_64" />
          <item key="target_os" value="darwin18" />
          <item key="target_vendor" value="apple" />
          <item key="topdir" value="$USER_HOME$/.rbenv/versions/2.6.2/lib/ruby/2.6.0/x86_64-darwin18" />
          <item key="vendorarchdir" value="$USER_HOME$/.rbenv/versions/2.6.2/lib/ruby/vendor_ruby/2.6.0/x86_64-darwin18" />
          <item key="vendorarchhdrdir" value="$USER_HOME$/.rbenv/versions/2.6.2/include/ruby-2.6.0/vendor_ruby/x86_64-darwin18" />
          <item key="vendordir" value="$USER_HOME$/.rbenv/versions/2.6.2/lib/ruby/vendor_ruby" />
          <item key="vendorhdrdir" value="$USER_HOME$/.rbenv/versions/2.6.2/include/ruby-2.6.0/vendor_ruby" />
          <item key="vendorlibdir" value="$USER_HOME$/.rbenv/versions/2.6.2/lib/ruby/vendor_ruby/2.6.0" />
          <item key="warnflags" value="-Wall -Wextra -Wdeclaration-after-statement -Wdeprecated-declarations -Wdivision-by-zero -Wimplicit-function-declaration -Wimplicit-int -Wpointer-arith -Wshorten-64-to-32 -Wwrite-strings -Wmissing-noreturn -Wno-constant-logical-operand -Wno-long-long -Wno-missing-field-initializers -Wno-overlength-strings -Wno-parentheses-equality -Wno-self-assign -Wno-tautological-compare -Wno-unused-parameter -Wno-unused-value -Wunused-variable -Wextra-tokens" />
        </RbConfig>
      </additional>
    </jdk>
  </component>
</application>