<application>
  <component name="ActionMacroManager">
    <macro name="eval_with_collect">
      <action id="EvaluateExpression" />
    </macro>
    <macro name="blockSelect">
      <action id="EditorCodeBlockStart" />
      <action id="EditorLineStart" />
      <action id="EditorCodeBlockEndWithSelection" />
    </macro>
    <macro name="make stat2 spec">
      <action id="GotoTest" />
      <shortuct text="BACK_SPACE" />
      <shortuct text="BACK_SPACE" />
      <shortuct text="BACK_SPACE" />
      <shortuct text="BACK_SPACE" />
      <typing text-keycode="83:1;80:0;69:0;67:0">Spec</typing>
      <shortuct text="ENTER" />
      <typing text-keycode="73:0;69:0;88:0;84:0;69:0">iexte</typing>
      <action id="EditorChooseLookupItem" />
      <typing text-keycode="66:1;65:0;83:0;69:0;83:1">BaseS</typing>
      <action id="EditorChooseLookupItem" />
      <typing text-keycode="32:0">&amp;#x20;</typing>
    </macro>
  </component>
</application>