<application>
  <component name="ProjectManager">
    <defaultProject>
      <component name="PropertiesComponent">
        <property name="nodejs_interpreter_path.stuck_in_default_project" value="undefined stuck path" />
        <property name="nodejs_npm_path_reset_for_default_project" value="true" />
        <property name="settings.editor.selected.configurable" value="editor.preferences.gutterIcons" />
      </component>
      <component name="SbtLocalSettings">
        <option name="projectSyncType">
          <map>
            <entry key="$USER_HOME$/Downloads/example" value="PREVIEW" />
            <entry key="$USER_HOME$/IdeaProjects/TestExample" value="PREVIEW" />
            <entry key="$USER_HOME$/custora/spark" value="PREVIEW" />
            <entry key="$USER_HOME$/custora_stuff/custora/spark" value="PREVIEW" />
            <entry key="$USER_HOME$/learn-scala/example" value="PREVIEW" />
            <entry key="$USER_HOME$/learn-scala/wikipedia" value="PREVIEW" />
            <entry key="$USER_HOME$/projects/learn-scala/wikipedia" value="PREVIEW" />
          </map>
        </option>
      </component>
      <component name="ScalaSbtSettings">
        <option name="customVMPath" />
      </component>
      <component name="masterDetails">
        <states>
          <state key="ProjectJDKs.UI">
            <settings>
              <last-edited>1.8</last-edited>
              <splitter-proportions>
                <option name="proportions">
                  <list>
                    <option value="0.2" />
                  </list>
                </option>
              </splitter-proportions>
            </settings>
          </state>
        </states>
      </component>
    </defaultProject>
  </component>
</application>