<application>
  <component name="VimSettings">
    <state version="4" enabled="true" />
    <globalmarks />
    <filemarks>
      <file name="$USER_HOME$/custora_stuff/custora/spark/apps/src/test/scala/com/custora/spark/stats/returns/BernoulliExponentialReturnsModelFitSpec.scala" timestamp="1555517782288">
        <mark key="'" line="49" column="0" />
        <mark key="[" line="46" column="47" />
        <mark key="]" line="46" column="47" />
        <mark key="." line="46" column="47" />
        <mark key="^" line="46" column="50" />
      </file>
      <file name="$USER_HOME$/custora_stuff/custora/app/models/spotlight/goal_export.rb" timestamp="1552515274885">
        <mark key="'" line="34" column="32" />
      </file>
      <file name="$USER_HOME$/custora_stuff/custora/spark/apps/src/main/scala/com.custora.spark/stats/spotlight/GoalSubSegmentHighlighter.scala" timestamp="1556135035397">
        <mark key="b" line="428" column="20" />
        <mark key="'" line="20" column="0" />
        <mark key="[" line="376" column="92" />
        <mark key="m" line="512" column="19" />
        <mark key="]" line="376" column="92" />
        <mark key="." line="376" column="92" />
        <mark key="^" line="376" column="92" />
      </file>
      <file name="$USER_HOME$/.ivy2/cache/com.univocity/univocity-parsers/srcs/univocity-parsers-2.5.9-sources.jar!/com/univocity/parsers/csv/CsvParser.java" timestamp="1550094493426">
        <mark key="'" line="113" column="41" />
      </file>
      <file name="$USER_HOME$/custora_stuff/custora/spark/apps/src/main/scala/com.custora.spark/stats/observed/OrderItemProductBaseCustomSegment.scala" timestamp="1555103960103">
        <mark key="'" line="73" column="0" />
        <mark key="[" line="31" column="6" />
        <mark key="]" line="31" column="39" />
        <mark key="." line="34" column="3" />
        <mark key="^" line="34" column="3" />
      </file>
      <file name="$USER_HOME$/custora_stuff/custora/spark/apps/src/test/scala/com/custora/spark/stats/spotlight/SubSegmentFixtures.scala" timestamp="1556134751310">
        <mark key="'" line="281" column="6" />
        <mark key="[" line="6" column="0" />
        <mark key="]" line="6" column="0" />
        <mark key="^" line="2" column="7" />
        <mark key="." line="6" column="0" />
      </file>
      <file name="$USER_HOME$/custora_stuff/custora/spark/apps/src/main/scala/com.custora.spark/stats/spotlight/AllSubSegmentHighlights.scala" timestamp="1555366680485">
        <mark key="'" line="42" column="27" />
        <mark key="[" line="10" column="19" />
        <mark key="]" line="41" column="9" />
        <mark key="." line="41" column="8" />
        <mark key="^" line="41" column="7" />
      </file>
      <file name="$USER_HOME$/.ivy2/cache/org.apache.spark/spark-sql_2.11/srcs/spark-sql_2.11-2.3.1-sources.jar!/org/apache/spark/sql/Dataset.scala" timestamp="1555366390316">
        <mark key="'" line="1828" column="6" />
      </file>
      <file name="$USER_HOME$/custora_stuff/custora/spark/apps/src/test/scala/com/custora/spark/stats/observed/UserCustomSegmentSpec.scala" timestamp="1555339026936">
        <mark key="[" line="16" column="4" />
        <mark key="]" line="74" column="2" />
      </file>
      <file name="$USER_HOME$/.ivy2/cache/org.apache.spark/spark-sql_2.11/srcs/spark-sql_2.11-2.3.1-sources.jar!/org/apache/spark/sql/functions.scala" timestamp="1554306889009">
        <mark key="'" line="982" column="6" />
      </file>
      <file name="$USER_HOME$/.ivy2/cache/org.apache.spark/spark-mllib_2.11/srcs/spark-mllib_2.11-2.3.1-sources.jar!/org/apache/spark/ml/regression/LinearRegression.scala" timestamp="1551374880315">
        <mark key="'" line="701" column="43" />
      </file>
      <file name="/Dummy.scala" timestamp="1556050633872">
        <mark key="[" line="0" column="0" />
      </file>
      <file name="$USER_HOME$/custora_stuff/custora/spark/apps/src/main/scala/com.custora.spark/apps/RunStat2.scala" timestamp="1555700632587">
        <mark key="[" line="179" column="30" />
        <mark key="]" line="179" column="56" />
        <mark key="." line="168" column="0" />
        <mark key="^" line="168" column="0" />
      </file>
      <file name="$USER_HOME$/custora_stuff/custora/spark/apps/src/main/scala/com.custora.spark/stats/gem/models/BernoulliExponential.scala" timestamp="1551998508419">
        <mark key="'" line="48" column="14" />
      </file>
      <file name="$USER_HOME$/custora_stuff/custora/app/controllers/api/v1/profile_controller.rb" timestamp="1552682537620">
        <mark key="'" line="859" column="4" />
      </file>
      <file name="$USER_HOME$/custora_stuff/custora/spark/apps/src/main/scala/com.custora.spark/stats/returns/ReturnsModelFit.scala" timestamp="1553527137711">
        <mark key="'" line="34" column="8" />
        <mark key="[" line="49" column="7" />
        <mark key="]" line="49" column="26" />
        <mark key="." line="49" column="50" />
        <mark key="^" line="49" column="50" />
      </file>
      <file name="$USER_HOME$/custora_stuff/custora/spark/apps/src/main/scala/com.custora.spark/stats/observed/OrderItemProductVariantCustomSegment.scala" timestamp="1555349824920">
        <mark key="'" line="54" column="24" />
        <mark key="[" line="34" column="53" />
        <mark key="]" line="34" column="66" />
      </file>
      <file name="$USER_HOME$/custora_stuff/custora/spark/apps/src/test/scala/com/custora/spark/stats/spotlight/AllSubSegmentsHighlightsSpec.scala" timestamp="1555539027674">
        <mark key="[" line="9" column="2" />
        <mark key="]" line="9" column="2" />
        <mark key="." line="9" column="2" />
      </file>
      <file name="$USER_HOME$/custora_stuff/custora/spark/apps/src/main/scala/com.custora.spark/Hdfs.scala" timestamp="1551977732178">
        <mark key="'" line="190" column="7" />
      </file>
      <file name="$USER_HOME$/custora_stuff/custora/spark/apps/src/main/scala/com.custora.spark/stats/spotlight/GoalSubsegmentHighlighter.scala" timestamp="1553611300790">
        <mark key="'" line="430" column="55" />
      </file>
      <file name="$USER_HOME$/custora_stuff/custora/spark/apps/src/test/scala/com/custora/spark/stats/returns/ProbabilityOfReturnHorizonPredictionSpec.scala" timestamp="1553529625890">
        <mark key="'" line="75" column="6" />
        <mark key="[" line="54" column="40" />
        <mark key="]" line="54" column="39" />
        <mark key="." line="54" column="39" />
        <mark key="^" line="54" column="39" />
      </file>
      <file name="$USER_HOME$/custora_stuff/custora/spark/apps/src/main/scala/com.custora.spark/stats/returns/TransactionsWithReturns.scala" timestamp="1553550231877">
        <mark key="'" line="89" column="6" />
        <mark key="[" line="108" column="0" />
        <mark key="]" line="113" column="0" />
        <mark key="." line="30" column="26" />
        <mark key="^" line="30" column="26" />
      </file>
      <file name="$USER_HOME$/.ivy2/cache/org.scala-lang/scala-library/srcs/scala-library-2.11.11-sources.jar!/scala/collection/immutable/Map.scala" timestamp="1548182683821">
        <mark key="'" line="166" column="8" />
      </file>
      <file name="$USER_HOME$/custora_stuff/custora/spark/apps/src/main/scala/com.custora.spark/stats/Params.scala" timestamp="1555532547871">
        <mark key="'" line="66" column="0" />
      </file>
      <file name="$USER_HOME$/custora_stuff/custora/spark/apps/src/main/scala/com.custora.spark/stats/observed/UserCustomSegment.scala" timestamp="1555099062035">
        <mark key="'" line="68" column="33" />
      </file>
      <file name="$USER_HOME$/custora_stuff/custora/app/models/spotlight/goal_metrics.rb" timestamp="1552515268639">
        <mark key="'" line="473" column="0" />
        <mark key="[" line="1" column="17" />
        <mark key="]" line="2" column="1" />
        <mark key="^" line="46" column="7" />
        <mark key="." line="46" column="7" />
      </file>
      <file name="$USER_HOME$/custora_stuff/custora/spark/apps/src/test/scala/com/custora/spark/stats/gem/UserEventsDispatcherSpec.scala" timestamp="1555514802902">
        <mark key="'" line="26" column="4" />
      </file>
      <file name="$USER_HOME$/custora_stuff/custora/spark/apps/src/main/scala/com.custora.spark/stats/Stat2.scala" timestamp="1556131516725">
        <mark key="'" line="73" column="1" />
        <mark key="[" line="5" column="0" />
        <mark key="]" line="5" column="36" />
      </file>
      <file name="$USER_HOME$/custora_stuff/custora/spark/apps/src/main/scala/com.custora.spark/stats/gem/transformers/CovariatesAppender.scala" timestamp="1553532847674">
        <mark key="'" line="45" column="0" />
      </file>
      <file name="$USER_HOME$/.ivy2/cache/org.scala-lang/scala-library/srcs/scala-library-2.11.11-sources.jar!/scala/Byte.scala" timestamp="1554142178462">
        <mark key="[" line="439" column="37" />
      </file>
      <file name="$USER_HOME$/.ivy2/cache/org.scala-lang/scala-library/srcs/scala-library-2.11.11-sources.jar!/scala/Predef.scala" timestamp="1548182648813">
        <mark key="'" line="100" column="6" />
      </file>
      <file name="$USER_HOME$/.ivy2/cache/org.scala-lang/scala-library/srcs/scala-library-2.11.11-sources.jar!/scala/Option.scala" timestamp="1554216769928">
        <mark key="'" line="141" column="11" />
      </file>
      <file name="$USER_HOME$/custora_stuff/custora/spark/apps/src/test/scala/com/custora/spark/test/TestData.scala" timestamp="1555514832502">
        <mark key="'" line="73" column="6" />
      </file>
      <file name="$USER_HOME$/.ivy2/cache/org.apache.spark/spark-sql_2.11/srcs/spark-sql_2.11-2.3.1-sources.jar!/org/apache/spark/sql/execution/datasources/csv/CSVDataSource.scala" timestamp="1550094450871">
        <mark key="'" line="22" column="21" />
      </file>
      <file name="$USER_HOME$/custora_stuff/custora/spark/apps/src/main/scala/com.custora.spark/stats/returns/ProbabilityOfReturnHorizonPrediction.scala" timestamp="1553527280960">
        <mark key="'" line="64" column="0" />
        <mark key="[" line="35" column="6" />
        <mark key="]" line="35" column="42" />
        <mark key="." line="68" column="15" />
        <mark key="^" line="64" column="36" />
      </file>
      <file name="/Library/Java/JavaVirtualMachines/jdk1.8.0_192.jdk/Contents/Home/src.zip!/java/util/Calendar.java" timestamp="1553551215795">
        <mark key="'" line="1186" column="25" />
      </file>
      <file name="$USER_HOME$/.ivy2/cache/org.apache.spark/spark-sql_2.11/srcs/spark-sql_2.11-2.3.1-sources.jar!/org/apache/spark/sql/execution/datasources/csv/UnivocityParser.scala" timestamp="1550094392860">
        <mark key="'" line="261" column="30" />
      </file>
      <file name="$USER_HOME$/custora_stuff/custora/spark/apps/src/main/scala/com.custora.spark/stats/orders/UserOrderEvidenceWithCov.scala" timestamp="1551725960872">
        <mark key="'" line="78" column="7" />
      </file>
      <file name="$USER_HOME$/custora_stuff/custora/spark/apps/src/main/scala/com.custora.spark/stats/observed/OrderItemCustomSegment.scala" timestamp="1555099103560">
        <mark key="[" line="36" column="6" />
        <mark key="]" line="36" column="28" />
      </file>
      <file name="$USER_HOME$/custora_stuff/custora/spark/apps/src/test/scala/com/custora/spark/stats/returns/TransactionsWithReturnsSpec.scala" timestamp="1555594961054">
        <mark key="'" line="22" column="0" />
        <mark key="[" line="13" column="2" />
        <mark key="]" line="16" column="2" />
        <mark key="." line="8" column="34" />
        <mark key="^" line="103" column="82" />
      </file>
      <file name="$USER_HOME$/custora_stuff/custora/spark/apps/src/test/scala/com/custora/spark/stats/spotlight/GoalSubSegmentHighlighterSpec.scala" timestamp="1556135198146">
        <mark key="'" line="23" column="0" />
        <mark key="[" line="149" column="0" />
        <mark key="m" line="133" column="2" />
        <mark key="]" line="149" column="0" />
        <mark key="^" line="145" column="54" />
        <mark key="." line="149" column="0" />
      </file>
      <file name="$USER_HOME$/custora_stuff/custora/spark/apps/src/main/scala/com.custora.spark/stats/returns/ReturnsScalingFactor.scala" timestamp="1553628861568">
        <mark key="'" line="28" column="11" />
        <mark key="[" line="3" column="0" />
        <mark key="]" line="3" column="39" />
        <mark key="^" line="65" column="17" />
        <mark key="." line="4" column="0" />
      </file>
      <file name="$USER_HOME$/custora_stuff/custora/spark/apps/src/test/scala/com/custora/spark/stats/spotlight/GoalSubsegmentHighlighterSpec.scala" timestamp="1553611326781">
        <mark key="'" line="331" column="0" />
      </file>
      <file name="$USER_HOME$/custora_stuff/custora/spark/apps/src/main/scala/com.custora.spark/stats/returns/ModelMatrix.scala" timestamp="1555534451143">
        <mark key="'" line="2" column="0" />
        <mark key="[" line="140" column="3" />
        <mark key="]" line="151" column="3" />
        <mark key="^" line="5" column="74" />
      </file>
      <file name="$USER_HOME$/custora_stuff/custora/spark/apps/src/main/scala/com.custora.spark/stats/orders/UserOrderEvidenceWithCovariates.scala" timestamp="1555341488967">
        <mark key="'" line="114" column="19" />
        <mark key="[" line="44" column="69" />
        <mark key="]" line="44" column="84" />
        <mark key="^" line="126" column="25" />
        <mark key="." line="126" column="23" />
      </file>
      <file name="$USER_HOME$/custora_stuff/custora/spark/apps/src/test/scala/com/custora/spark/stats/observed/OrderItemProductVariantCustomSegmentSpec.scala" timestamp="1555349898258">
        <mark key="[" line="32" column="47" />
        <mark key="]" line="32" column="65" />
      </file>
      <file name="$USER_HOME$/custora_stuff/custora/spark/apps/src/main/scala/com.custora.spark/stats/spotlight/AllSubSegmentsHighlights.scala" timestamp="1555534825676">
        <mark key="[" line="13" column="0" />
        <mark key="]" line="20" column="91" />
        <mark key="." line="26" column="60" />
        <mark key="^" line="26" column="60" />
      </file>
      <file name="$USER_HOME$/custora_stuff/custora/spark/apps/src/main/scala/com.custora.spark/stats/AsOf.scala" timestamp="1555602145713">
        <mark key="'" line="3" column="0" />
        <mark key="[" line="51" column="12" />
        <mark key="]" line="51" column="57" />
      </file>
      <file name="$USER_HOME$/custora_stuff/custora/spark/apps/src/main/scala/com.custora.spark/stats/sql/SparkSQLDispatcher.scala" timestamp="1552937201647">
        <mark key="'" line="39" column="6" />
      </file>
      <file name="$USER_HOME$/custora_stuff/custora/spark/apps/src/main/scala/com.custora.spark/stats/returns/FutureReturnMetrics.scala" timestamp="1552072280364">
        <mark key="'" line="38" column="4" />
      </file>
      <file name="$USER_HOME$/custora_stuff/custora/spark/apps/src/main/scala/com.custora.spark/stats/observed/UserSummarizedOrderItemCustomSegment.scala" timestamp="1552506292996">
        <mark key="'" line="107" column="0" />
      </file>
      <file name="$USER_HOME$/.ivy2/cache/org.apache.spark/spark-sql_2.11/srcs/spark-sql_2.11-2.3.1-sources.jar!/org/apache/spark/sql/execution/datasources/csv/CSVOptions.scala" timestamp="1550094429324">
        <mark key="'" line="155" column="24" />
      </file>
      <file name="/fragment.java" timestamp="1555697571392">
        <mark key="[" line="0" column="0" />
      </file>
    </filemarks>
    <jumps>
      <jump line="70" column="6" filename="$USER_HOME$/custora_stuff/custora/spark/apps/src/main/scala/com.custora.spark/stats/spotlight/GoalSubSegmentHighlighter.scala" />
      <jump line="143" column="66" filename="$USER_HOME$/custora_stuff/custora/spark/apps/src/main/scala/com.custora.spark/stats/spotlight/GoalSubSegmentHighlighter.scala" />
      <jump line="147" column="66" filename="$USER_HOME$/custora_stuff/custora/spark/apps/src/main/scala/com.custora.spark/stats/spotlight/GoalSubSegmentHighlighter.scala" />
      <jump line="162" column="29" filename="$USER_HOME$/custora_stuff/custora/spark/apps/src/main/scala/com.custora.spark/stats/spotlight/GoalSubSegmentHighlighter.scala" />
      <jump line="1" column="0" filename="$USER_HOME$/custora_stuff/custora/spark/apps/src/main/scala/com.custora.spark/stats/spotlight/GoalSubSegmentHighlighter.scala" />
      <jump line="91" column="41" filename="$USER_HOME$/custora_stuff/custora/spark/apps/src/main/scala/com.custora.spark/stats/spotlight/GoalSubSegmentHighlighter.scala" />
      <jump line="24" column="56" filename="$USER_HOME$/custora_stuff/custora/spark/apps/src/test/scala/com/custora/spark/stats/spotlight/GoalSubSegmentHighlighterSpec.scala" />
      <jump line="136" column="26" filename="$USER_HOME$/custora_stuff/custora/spark/apps/src/main/scala/com.custora.spark/stats/spotlight/GoalSubSegmentHighlighter.scala" />
      <jump line="59" column="17" filename="$USER_HOME$/custora_stuff/custora/spark/apps/src/main/scala/com.custora.spark/stats/spotlight/GoalSubSegmentHighlighter.scala" />
      <jump line="18" column="0" filename="$USER_HOME$/custora_stuff/custora/spark/apps/src/main/scala/com.custora.spark/stats/spotlight/GoalSubSegmentHighlighter.scala" />
      <jump line="64" column="41" filename="$USER_HOME$/custora_stuff/custora/spark/apps/src/main/scala/com.custora.spark/stats/spotlight/GoalSubSegmentHighlighter.scala" />
      <jump line="55" column="23" filename="$USER_HOME$/custora_stuff/custora/spark/apps/src/main/scala/com.custora.spark/stats/spotlight/GoalSubSegmentHighlighter.scala" />
      <jump line="90" column="0" filename="$USER_HOME$/custora_stuff/custora/spark/apps/src/main/scala/com.custora.spark/stats/spotlight/GoalSubSegmentHighlighter.scala" />
      <jump line="80" column="0" filename="$USER_HOME$/custora_stuff/custora/spark/apps/src/main/scala/com.custora.spark/stats/spotlight/GoalSubSegmentHighlighter.scala" />
      <jump line="503" column="0" filename="$USER_HOME$/custora_stuff/custora/spark/apps/src/main/scala/com.custora.spark/stats/spotlight/GoalSubSegmentHighlighter.scala" />
      <jump line="22" column="0" filename="$USER_HOME$/custora_stuff/custora/spark/apps/src/main/scala/com.custora.spark/stats/spotlight/GoalSubSegmentHighlighter.scala" />
      <jump line="277" column="94" filename="$USER_HOME$/custora_stuff/custora/spark/apps/src/main/scala/com.custora.spark/stats/spotlight/GoalSubSegmentHighlighter.scala" />
      <jump line="191" column="0" filename="$USER_HOME$/custora_stuff/custora/spark/apps/src/main/scala/com.custora.spark/stats/spotlight/GoalSubSegmentHighlighter.scala" />
      <jump line="131" column="3" filename="$USER_HOME$/custora_stuff/custora/spark/apps/src/main/scala/com.custora.spark/stats/spotlight/GoalSubSegmentHighlighter.scala" />
      <jump line="262" column="0" filename="$USER_HOME$/custora_stuff/custora/spark/apps/src/main/scala/com.custora.spark/stats/spotlight/GoalSubSegmentHighlighter.scala" />
      <jump line="47" column="32" filename="$USER_HOME$/custora_stuff/custora/spark/apps/src/main/scala/com.custora.spark/stats/spotlight/GoalSubSegmentHighlighter.scala" />
      <jump line="194" column="8" filename="$USER_HOME$/custora_stuff/custora/spark/apps/src/main/scala/com.custora.spark/stats/spotlight/GoalSubSegmentHighlighter.scala" />
      <jump line="306" column="0" filename="$USER_HOME$/custora_stuff/custora/spark/apps/src/main/scala/com.custora.spark/stats/spotlight/GoalSubSegmentHighlighter.scala" />
      <jump line="19" column="40" filename="$USER_HOME$/custora_stuff/custora/spark/apps/src/main/scala/com.custora.spark/stats/spotlight/GoalSubSegmentHighlighter.scala" />
      <jump line="87" column="4" filename="$USER_HOME$/custora_stuff/custora/spark/apps/src/test/scala/com/custora/spark/stats/spotlight/GoalSubSegmentHighlighterSpec.scala" />
      <jump line="22" column="42" filename="$USER_HOME$/custora_stuff/custora/spark/apps/src/test/scala/com/custora/spark/stats/spotlight/GoalSubSegmentHighlighterSpec.scala" />
      <jump line="50" column="30" filename="$USER_HOME$/custora_stuff/custora/spark/apps/src/test/scala/com/custora/spark/stats/spotlight/GoalSubSegmentHighlighterSpec.scala" />
      <jump line="93" column="35" filename="$USER_HOME$/custora_stuff/custora/spark/apps/src/test/scala/com/custora/spark/stats/spotlight/GoalSubSegmentHighlighterSpec.scala" />
      <jump line="117" column="82" filename="$USER_HOME$/custora_stuff/custora/spark/apps/src/test/scala/com/custora/spark/stats/spotlight/GoalSubSegmentHighlighterSpec.scala" />
      <jump line="135" column="6" filename="$USER_HOME$/custora_stuff/custora/spark/apps/src/test/scala/com/custora/spark/stats/spotlight/GoalSubSegmentHighlighterSpec.scala" />
      <jump line="154" column="120" filename="$USER_HOME$/custora_stuff/custora/spark/apps/src/test/scala/com/custora/spark/stats/spotlight/GoalSubSegmentHighlighterSpec.scala" />
      <jump line="175" column="120" filename="$USER_HOME$/custora_stuff/custora/spark/apps/src/test/scala/com/custora/spark/stats/spotlight/GoalSubSegmentHighlighterSpec.scala" />
      <jump line="251" column="21" filename="$USER_HOME$/custora_stuff/custora/spark/apps/src/main/scala/com.custora.spark/stats/spotlight/GoalSubSegmentHighlighter.scala" />
      <jump line="25" column="50" filename="$USER_HOME$/custora_stuff/custora/spark/apps/src/main/scala/com.custora.spark/stats/spotlight/GoalSubSegmentHighlighter.scala" />
      <jump line="196" column="35" filename="$USER_HOME$/custora_stuff/custora/spark/apps/src/main/scala/com.custora.spark/stats/spotlight/GoalSubSegmentHighlighter.scala" />
      <jump line="197" column="34" filename="$USER_HOME$/custora_stuff/custora/spark/apps/src/main/scala/com.custora.spark/stats/spotlight/GoalSubSegmentHighlighter.scala" />
      <jump line="198" column="38" filename="$USER_HOME$/custora_stuff/custora/spark/apps/src/main/scala/com.custora.spark/stats/spotlight/GoalSubSegmentHighlighter.scala" />
      <jump line="254" column="35" filename="$USER_HOME$/custora_stuff/custora/spark/apps/src/main/scala/com.custora.spark/stats/spotlight/GoalSubSegmentHighlighter.scala" />
      <jump line="255" column="34" filename="$USER_HOME$/custora_stuff/custora/spark/apps/src/main/scala/com.custora.spark/stats/spotlight/GoalSubSegmentHighlighter.scala" />
      <jump line="256" column="38" filename="$USER_HOME$/custora_stuff/custora/spark/apps/src/main/scala/com.custora.spark/stats/spotlight/GoalSubSegmentHighlighter.scala" />
      <jump line="308" column="34" filename="$USER_HOME$/custora_stuff/custora/spark/apps/src/main/scala/com.custora.spark/stats/spotlight/GoalSubSegmentHighlighter.scala" />
      <jump line="309" column="38" filename="$USER_HOME$/custora_stuff/custora/spark/apps/src/main/scala/com.custora.spark/stats/spotlight/GoalSubSegmentHighlighter.scala" />
      <jump line="100" column="0" filename="$USER_HOME$/custora_stuff/custora/spark/apps/src/main/scala/com.custora.spark/stats/spotlight/GoalSubSegmentHighlighter.scala" />
      <jump line="67" column="22" filename="$USER_HOME$/custora_stuff/custora/spark/apps/src/main/scala/com.custora.spark/stats/spotlight/GoalSubSegmentHighlighter.scala" />
      <jump line="43" column="11" filename="$USER_HOME$/custora_stuff/custora/spark/apps/src/main/scala/com.custora.spark/stats/Stat2.scala" />
      <jump line="289" column="23" filename="$USER_HOME$/custora_stuff/custora/spark/apps/src/test/scala/com/custora/spark/stats/spotlight/SubSegmentFixtures.scala" />
      <jump line="2" column="7" filename="$USER_HOME$/custora_stuff/custora/spark/apps/src/test/scala/com/custora/spark/stats/spotlight/SubSegmentFixtures.scala" />
      <jump line="291" column="21" filename="$USER_HOME$/custora_stuff/custora/spark/apps/src/test/scala/com/custora/spark/stats/spotlight/SubSegmentFixtures.scala" />
      <jump line="294" column="0" filename="$USER_HOME$/custora_stuff/custora/spark/apps/src/test/scala/com/custora/spark/stats/spotlight/SubSegmentFixtures.scala" />
      <jump line="5" column="0" filename="$USER_HOME$/custora_stuff/custora/spark/apps/src/test/scala/com/custora/spark/stats/spotlight/SubSegmentFixtures.scala" />
      <jump line="282" column="0" filename="$USER_HOME$/custora_stuff/custora/spark/apps/src/test/scala/com/custora/spark/stats/spotlight/SubSegmentFixtures.scala" />
      <jump line="6" column="0" filename="$USER_HOME$/custora_stuff/custora/spark/apps/src/test/scala/com/custora/spark/stats/spotlight/SubSegmentFixtures.scala" />
      <jump line="159" column="29" filename="$USER_HOME$/custora_stuff/custora/spark/apps/src/test/scala/com/custora/spark/stats/spotlight/GoalSubSegmentHighlighterSpec.scala" />
      <jump line="458" column="85" filename="$USER_HOME$/custora_stuff/custora/spark/apps/src/main/scala/com.custora.spark/stats/spotlight/GoalSubSegmentHighlighter.scala" />
      <jump line="227" column="9" filename="$USER_HOME$/custora_stuff/custora/spark/apps/src/test/scala/com/custora/spark/stats/spotlight/GoalSubSegmentHighlighterSpec.scala" />
      <jump line="41" column="0" filename="$USER_HOME$/custora_stuff/custora/spark/apps/src/test/scala/com/custora/spark/stats/spotlight/GoalSubSegmentHighlighterSpec.scala" />
      <jump line="45" column="1" filename="$USER_HOME$/custora_stuff/custora/spark/apps/src/main/scala/com.custora.spark/stats/spotlight/GoalSubSegmentHighlighter.scala" />
      <jump line="60" column="0" filename="$USER_HOME$/custora_stuff/custora/spark/apps/src/main/scala/com.custora.spark/stats/spotlight/GoalSubSegmentHighlighter.scala" />
      <jump line="121" column="17" filename="$USER_HOME$/custora_stuff/custora/spark/apps/src/main/scala/com.custora.spark/stats/spotlight/GoalSubSegmentHighlighter.scala" />
      <jump line="132" column="19" filename="$USER_HOME$/custora_stuff/custora/spark/apps/src/main/scala/com.custora.spark/stats/spotlight/GoalSubSegmentHighlighter.scala" />
      <jump line="193" column="21" filename="$USER_HOME$/custora_stuff/custora/spark/apps/src/main/scala/com.custora.spark/stats/spotlight/GoalSubSegmentHighlighter.scala" />
      <jump line="199" column="0" filename="$USER_HOME$/custora_stuff/custora/spark/apps/src/main/scala/com.custora.spark/stats/spotlight/GoalSubSegmentHighlighter.scala" />
      <jump line="245" column="21" filename="$USER_HOME$/custora_stuff/custora/spark/apps/src/main/scala/com.custora.spark/stats/spotlight/GoalSubSegmentHighlighter.scala" />
      <jump line="252" column="0" filename="$USER_HOME$/custora_stuff/custora/spark/apps/src/main/scala/com.custora.spark/stats/spotlight/GoalSubSegmentHighlighter.scala" />
      <jump line="299" column="21" filename="$USER_HOME$/custora_stuff/custora/spark/apps/src/main/scala/com.custora.spark/stats/spotlight/GoalSubSegmentHighlighter.scala" />
      <jump line="302" column="0" filename="$USER_HOME$/custora_stuff/custora/spark/apps/src/main/scala/com.custora.spark/stats/spotlight/GoalSubSegmentHighlighter.scala" />
      <jump line="326" column="21" filename="$USER_HOME$/custora_stuff/custora/spark/apps/src/main/scala/com.custora.spark/stats/spotlight/GoalSubSegmentHighlighter.scala" />
      <jump line="339" column="15" filename="$USER_HOME$/custora_stuff/custora/spark/apps/src/main/scala/com.custora.spark/stats/spotlight/GoalSubSegmentHighlighter.scala" />
      <jump line="350" column="21" filename="$USER_HOME$/custora_stuff/custora/spark/apps/src/main/scala/com.custora.spark/stats/spotlight/GoalSubSegmentHighlighter.scala" />
      <jump line="363" column="15" filename="$USER_HOME$/custora_stuff/custora/spark/apps/src/main/scala/com.custora.spark/stats/spotlight/GoalSubSegmentHighlighter.scala" />
      <jump line="377" column="0" filename="$USER_HOME$/custora_stuff/custora/spark/apps/src/main/scala/com.custora.spark/stats/spotlight/GoalSubSegmentHighlighter.scala" />
      <jump line="382" column="28" filename="$USER_HOME$/custora_stuff/custora/spark/apps/src/main/scala/com.custora.spark/stats/spotlight/GoalSubSegmentHighlighter.scala" />
      <jump line="384" column="113" filename="$USER_HOME$/custora_stuff/custora/spark/apps/src/main/scala/com.custora.spark/stats/spotlight/GoalSubSegmentHighlighter.scala" />
      <jump line="396" column="21" filename="$USER_HOME$/custora_stuff/custora/spark/apps/src/main/scala/com.custora.spark/stats/spotlight/GoalSubSegmentHighlighter.scala" />
      <jump line="376" column="21" filename="$USER_HOME$/custora_stuff/custora/spark/apps/src/main/scala/com.custora.spark/stats/spotlight/GoalSubSegmentHighlighter.scala" />
      <jump line="427" column="21" filename="$USER_HOME$/custora_stuff/custora/spark/apps/src/main/scala/com.custora.spark/stats/spotlight/GoalSubSegmentHighlighter.scala" />
      <jump line="436" column="106" filename="$USER_HOME$/custora_stuff/custora/spark/apps/src/main/scala/com.custora.spark/stats/spotlight/GoalSubSegmentHighlighter.scala" />
      <jump line="180" column="4" filename="$USER_HOME$/custora_stuff/custora/spark/apps/src/main/scala/com.custora.spark/stats/spotlight/GoalSubSegmentHighlighter.scala" />
      <jump line="149" column="0" filename="$USER_HOME$/custora_stuff/custora/spark/apps/src/test/scala/com/custora/spark/stats/spotlight/GoalSubSegmentHighlighterSpec.scala" />
      <jump line="81" column="6" filename="$USER_HOME$/custora_stuff/custora/spark/apps/src/main/scala/com.custora.spark/stats/spotlight/GoalSubSegmentHighlighter.scala" />
      <jump line="178" column="15" filename="$USER_HOME$/custora_stuff/custora/spark/apps/src/main/scala/com.custora.spark/stats/spotlight/GoalSubSegmentHighlighter.scala" />
      <jump line="83" column="3" filename="$USER_HOME$/custora_stuff/custora/spark/apps/src/main/scala/com.custora.spark/stats/spotlight/GoalSubSegmentHighlighter.scala" />
      <jump line="208" column="0" filename="$USER_HOME$/custora_stuff/custora/spark/apps/src/test/scala/com/custora/spark/stats/spotlight/GoalSubSegmentHighlighterSpec.scala" />
      <jump line="74" column="48" filename="$USER_HOME$/custora_stuff/custora/spark/apps/src/main/scala/com.custora.spark/stats/spotlight/GoalSubSegmentHighlighter.scala" />
      <jump line="411" column="10" filename="$USER_HOME$/custora_stuff/custora/spark/apps/src/main/scala/com.custora.spark/stats/spotlight/GoalSubSegmentHighlighter.scala" />
      <jump line="415" column="10" filename="$USER_HOME$/custora_stuff/custora/spark/apps/src/main/scala/com.custora.spark/stats/spotlight/GoalSubSegmentHighlighter.scala" />
      <jump line="402" column="57" filename="$USER_HOME$/custora_stuff/custora/spark/apps/src/main/scala/com.custora.spark/stats/spotlight/GoalSubSegmentHighlighter.scala" />
      <jump line="404" column="89" filename="$USER_HOME$/custora_stuff/custora/spark/apps/src/main/scala/com.custora.spark/stats/spotlight/GoalSubSegmentHighlighter.scala" />
      <jump line="206" column="34" filename="$USER_HOME$/custora_stuff/custora/spark/apps/src/test/scala/com/custora/spark/stats/spotlight/GoalSubSegmentHighlighterSpec.scala" />
      <jump line="276" column="4" filename="$USER_HOME$/custora_stuff/custora/spark/apps/src/main/scala/com.custora.spark/stats/spotlight/GoalSubSegmentHighlighter.scala" />
      <jump line="82" column="6" filename="$USER_HOME$/custora_stuff/custora/spark/apps/src/main/scala/com.custora.spark/stats/spotlight/GoalSubSegmentHighlighter.scala" />
      <jump line="102" column="61" filename="$USER_HOME$/custora_stuff/custora/spark/apps/src/main/scala/com.custora.spark/stats/spotlight/GoalSubSegmentHighlighter.scala" />
      <jump line="8" column="20" filename="$USER_HOME$/custora_stuff/custora/spark/apps/src/main/scala/com.custora.spark/stats/Stat2.scala" />
      <jump line="76" column="1" filename="$USER_HOME$/custora_stuff/custora/spark/apps/src/main/scala/com.custora.spark/stats/Stat2.scala" />
      <jump line="73" column="1" filename="$USER_HOME$/custora_stuff/custora/spark/apps/src/main/scala/com.custora.spark/stats/Stat2.scala" />
      <jump line="20" column="0" filename="$USER_HOME$/custora_stuff/custora/spark/apps/src/main/scala/com.custora.spark/stats/spotlight/GoalSubSegmentHighlighter.scala" />
      <jump line="9" column="35" filename="$USER_HOME$/custora_stuff/custora/spark/apps/src/test/scala/com/custora/spark/stats/spotlight/GoalSubSegmentHighlighterSpec.scala" />
      <jump line="281" column="6" filename="$USER_HOME$/custora_stuff/custora/spark/apps/src/test/scala/com/custora/spark/stats/spotlight/SubSegmentFixtures.scala" />
      <jump line="164" column="0" filename="$USER_HOME$/custora_stuff/custora/spark/apps/src/test/scala/com/custora/spark/stats/spotlight/GoalSubSegmentHighlighterSpec.scala" />
      <jump line="23" column="0" filename="$USER_HOME$/custora_stuff/custora/spark/apps/src/test/scala/com/custora/spark/stats/spotlight/GoalSubSegmentHighlighterSpec.scala" />
    </jumps>
    <registers>
      <register name="&quot;" type="4">
        <text encoding="base64">VW5pdCA=</text>
      </register>
      <register name="d" type="2">
        <text encoding="base64">ICAgICAgLy8gMSBpZiBldmVudGVkLCAxIC0gY2RmKHQpIGlmIG5vdCBldmVudGVkCiAgICAgIHRpbWVVbnRpbEV2ZW50SW5EYXlzKGdldERhdGFBc09mKShkYXRhc2V0KS4K</text>
      </register>
      <register name="f" type="4">
        <keys>
          <key char="124" code="0" mods="0" />
          <key char="102" code="0" mods="0" />
          <key char="124" code="0" mods="0" />
          <key char="120" code="0" mods="0" />
          <key char="105" code="0" mods="0" />
          <key char="34" code="0" mods="0" />
          <key char="34" code="0" mods="0" />
          <key char="65535" code="27" mods="0" />
          <key char="105" code="0" mods="0" />
          <key char="44" code="0" mods="0" />
          <key char="32" code="0" mods="0" />
          <key char="65535" code="27" mods="0" />
        </keys>
      </register>
      <register name="h" type="4">
        <text>hhh</text>
      </register>
      <register name="*" type="4">
        <text>goalEndDate</text>
      </register>
      <register name="j" type="4">
        <text>k</text>
      </register>
      <register name="k" type="4">
        <text>ll</text>
      </register>
      <register name="-" type="4">
        <text>number</text>
      </register>
      <register name="/" type="4">
        <text>def save</text>
      </register>
      <register name="0" type="2">
        <text encoding="base64">ICAgICAgd2l0aENvbHVtbigic2VnbWVudF90YWJsZSIsIGxpdCh0YWJsZU5hbWUpKS4KICAgICAgd2l0aENvbHVtbigic2VnbWVudF92YWx1ZSIsIGxpdChjb2x1bW5OYW1lKSkK</text>
      </register>
      <register name="1" type="2">
        <text encoding="base64">ICAgICAgICAgIHdpdGhDb2x1bW4oInNlZ21lbnRfdGFibGUiLCBsaXQoc3ViamVjdCkpLgogICAgICAgICAgd2l0aENvbHVtbigic2VnbWVudF92YWx1ZSIsIGxpdChudW1iZXIpKQo=</text>
      </register>
      <register name="q" type="4">
        <keys>
          <key char="48" code="0" mods="0" />
          <key char="119" code="0" mods="0" />
          <key char="105" code="0" mods="0" />
          <key char="118" code="0" mods="0" />
          <key char="97" code="0" mods="0" />
          <key char="108" code="0" mods="0" />
          <key char="32" code="0" mods="0" />
          <key char="65535" code="27" mods="0" />
          <key char="106" code="0" mods="0" />
          <key char="48" code="0" mods="0" />
        </keys>
      </register>
      <register name="2" type="2">
        <text encoding="base64">ICAgICAgICB3aXRoQ29sdW1uKCJzZWdtZW50X3RhYmxlIiwgbGl0KHNzVGFibGVOYW1lKSkuCiAgICAgICAgd2l0aENvbHVtbigic2VnbWVudF92YWx1ZSIsIGxpdChzc0NvbE5hbWUpKQo=</text>
      </register>
      <register name="3" type="2">
        <text encoding="base64">ICAgIHNwYXJrLmNyZWF0ZURhdGFGcmFtZShzYy5wYXJhbGxlbGl6ZShyZXN1bHQpLCByZXN1bHQoMCkuc2NoZW1hKQo=</text>
      </register>
      <register name="4" type="2">
        <text encoding="base64">ICAgIHNwYXJrLmNyZWF0ZURhdGFGcmFtZShzYy5wYXJhbGxlbGl6ZShyZXN1bHQpLCByZXN1bHQoMCkuc2NoZW1hKQo=</text>
      </register>
      <register name="5" type="2">
        <text encoding="base64">ICAgIC8vYnJvYWRjYXN0IHBhcmFtcyB0byB3b3JrZXJzIGZvciB1c2UgaW4gYC5tYXBgIGZ1bmN0aW9uCg==</text>
      </register>
      <register name="6" type="2">
        <text encoding="base64">ICAgIHZhbCBiT3B0aW9uYWxERiA9IHNjLmJyb2FkY2FzdChvcHRpb25hbERGKQo=</text>
      </register>
      <register name="7" type="2">
        <text encoding="base64">ICAgIHZhbCBiUGFyYW1zID0gc2MuYnJvYWRjYXN0KHBhcmFtcykK</text>
      </register>
      <register name="8" type="2">
        <text encoding="base64">ICAgICAgYXNPZiA9IGFzVGltZXN0YW1wKDIwMDIsIDIsIDQpLAo=</text>
      </register>
      <register name="x" type="4">
        <text>I</text>
      </register>
      <register name="9" type="2">
        <text encoding="base64">ICAgICAgICAiZ29hbF9zdGFydF9kYXRlIiAtPiAiMjAwMi0wMS0wNSAwMDowMDowMCIK</text>
      </register>
      <register name=":" type="4">
        <text>action ToggleLineBreakpoint</text>
      </register>
    </registers>
    <search>
      <last-search>def save</last-search>
      <last-offset />
      <last-pattern>def save</last-pattern>
      <last-replace>~</last-replace>
      <last-substitute>isTw</last-substitute>
      <last-dir>1</last-dir>
      <show-last>false</show-last>
    </search>
    <history>
      <history-search>
        <entry>insertData</entry>
        <entry>insertSampleUserCustomSegmentData</entry>
        <entry>insert</entry>
        <entry>todo</entry>
        <entry>454</entry>
        <entry>foldleft</entry>
        <entry>first</entry>
        <entry>map</entry>
        <entry>count</entry>
        <entry>toSh</entry>
        <entry>segment_number</entry>
        <entry encoding="base64">ZGlzcGF0Y2hlciA=</entry>
        <entry>dis</entry>
        <entry>dispatcher</entry>
        <entry>init</entry>
        <entry>bDisp</entry>
        <entry>disp</entry>
        <entry>mostRecent</entry>
        <entry>cache</entry>
        <entry>def save</entry>
      </history-search>
      <history-cmd>
        <entry>action ToggleBreakpointEnabled</entry>
        <entry>soure ~/.ideavimrc</entry>
        <entry>.,.+4action SelectInProjectView</entry>
        <entry>source ~/.ideavimr</entry>
        <entry>action MoveCaretToCodeBlockStart</entry>
        <entry>w</entry>
        <entry>action SaveAllaction SaveAll</entry>
        <entry>action TypeHierarchy</entry>
        <entry encoding="base64">JzwsJz5hY3Rpb24gVG9nZ2xlTGluZUJyZWFrcG9pbnQ=</entry>
        <entry>actionlist</entry>
        <entry>actionlist type</entry>
        <entry>source ~/.ideavimrc</entry>
        <entry>action Annotate</entry>
        <entry>action SelectInProjectView</entry>
        <entry encoding="base64">JzwsJz5hY3Rpb24gU2F2ZUFsbA==</entry>
        <entry>action RenameElement</entry>
        <entry>action Scala.TypeInfo</entry>
        <entry>action GotoDeclaration</entry>
        <entry>action SaveAll</entry>
        <entry>action ToggleLineBreakpoint</entry>
      </history-cmd>
      <history-expr />
      <history-input />
    </history>
    <shortcut-conflicts>
      <shortcut-conflict owner="ide">
        <text>ctrl pressed R</text>
      </shortcut-conflict>
      <shortcut-conflict owner="vim">
        <text>ctrl pressed F</text>
      </shortcut-conflict>
      <shortcut-conflict owner="ide">
        <text>ctrl pressed G</text>
      </shortcut-conflict>
      <shortcut-conflict owner="vim">
        <text>ctrl pressed 2</text>
      </shortcut-conflict>
      <shortcut-conflict owner="ide">
        <text>ctrl pressed D</text>
      </shortcut-conflict>
      <shortcut-conflict owner="ide">
        <text>ctrl pressed H</text>
      </shortcut-conflict>
    </shortcut-conflicts>
    <editor>
      <key-repeat enabled="false" />
    </editor>
  </component>
</application>